{"name":"t:sections.header.name","type":"header","sections":{"announcement-bar":{"type":"announcement-bar","blocks":{"announcement-bar-0":{"type":"announcement","settings":{"text":"Hoş Geldiniz!","link":""}}},"block_order":["announcement-bar-0"],"custom_css":["h2 {font-family: \"Arial\", sans-serif; \/* Yazı tipini istediğiniz gibi değiştirebilirsiniz *\/ font-size: 24px; \/* Metin boyutunu istediğiniz gibi ayarlayabilirsiniz *\/ color: #fff; \/* Metin rengi *\/ text-shadow: 0 0 5px #fff, 0 0 10px #00f, 0 0 15px #00f, 0 0 20px #00f, 0 0 30px #00f, 0 0 40px #00f, 0 0 55px #00f, 0 0 75px #00f; \/* Neon efekti için gölge *\/}"],"settings":{"color_scheme":"scheme-2","show_line_separator":true,"show_social":false,"auto_rotate":false,"change_slides_speed":5,"enable_country_selector":true,"enable_language_selector":true}},"header":{"type":"header","custom_css":[],"settings":{"logo_position":"middle-center","menu":"main-menu","menu_type_desktop":"dropdown","sticky_header_type":"on-scroll-up","show_line_separator":false,"color_scheme":"scheme-1","menu_color_scheme":"scheme-1","enable_country_selector":true,"enable_language_selector":true,"mobile_logo_position":"center","margin_bottom":0,"padding_top":20,"padding_bottom":20}}},"order":["announcement-bar","header"]}