{"sections":{"image-with-text":{"type":"image-with-text","blocks":{"heading":{"type":"heading","settings":{"heading":"SON ÜRÜNLERİMİZE GÖZ ATIN","heading_size":"h0"}},"button":{"type":"button","settings":{"button_label":"Market","button_link":"shopify:\/\/collections\/all","button_style_secondary":false}}},"block_order":["heading","button"],"settings":{"height":"adapt","desktop_image_width":"medium","layout":"text_first","desktop_content_position":"middle","desktop_content_alignment":"left","content_layout":"no-overlap","section_color_scheme":"scheme-1","color_scheme":"scheme-1","image_behavior":"none","mobile_content_alignment":"left","padding_top":40,"padding_bottom":0}},"featured_collection":{"type":"featured-collection","settings":{"title":"Tüm ürünler","heading_size":"h2","description":"<p>Cebinize uyğun fiyat<\/p>","show_description":false,"description_style":"body","collection":"all","products_to_show":8,"columns_desktop":5,"full_width":false,"show_view_all":false,"view_all_style":"solid","enable_desktop_slider":false,"color_scheme":"scheme-1","image_ratio":"portrait","image_shape":"default","show_secondary_image":true,"show_vendor":false,"show_rating":false,"enable_quick_add":false,"columns_mobile":"2","swipe_on_mobile":false,"padding_top":0,"padding_bottom":40}}},"order":["image-with-text","featured_collection"]}